{"cameraMode":{"drawMode":0,"name":"Shaded","section":"Shading Mode"},"sceneLighting":false,"audioPlay":false,"sceneViewState":{"showFog":false,"showMaterialUpdate":false,"showSkybox":false,"showFlares":false,"showImageEffects":false,"showParticleSystems":false,"showVisualEffectGraphs":true,"m_FxEnabled":true},"in2DMode":false,"pivot":{"x":119.23092651367188,"y":-39.813507080078128,"z":159.78785705566407},"rotation":{"x":0.09128833562135697,"y":0.3129352629184723,"z":-0.030230218544602395,"w":0.9448941946029663},"size":104.09284973144531,"orthographic":false}