{"cameraMode":{"drawMode":0,"name":"Shaded","section":"Shading Mode"},"sceneLighting":false,"audioPlay":false,"sceneViewState":{"showFog":false,"showMaterialUpdate":false,"showSkybox":false,"showFlares":false,"showImageEffects":false,"showParticleSystems":false,"showVisualEffectGraphs":true,"m_FxEnabled":true},"in2DMode":false,"pivot":{"x":-3.0063414573669435,"y":-170.35385131835938,"z":101.41326141357422},"rotation":{"x":0.48971182107925417,"y":0.01204650104045868,"z":-0.006763729266822338,"w":0.8717756867408752},"size":104.09284973144531,"orthographic":false}