{"cameraMode":{"drawMode":0,"name":"Shaded","section":"Shading Mode"},"sceneLighting":false,"audioPlay":false,"sceneViewState":{"showFog":false,"showMaterialUpdate":false,"showSkybox":false,"showFlares":false,"showImageEffects":false,"showParticleSystems":false,"showVisualEffectGraphs":true,"m_FxEnabled":true},"in2DMode":false,"pivot":{"x":0.4710429310798645,"y":2.6646361351013185,"z":0.09324485063552857},"rotation":{"x":0.4126502573490143,"y":0.04864067956805229,"z":-0.021969394758343698,"w":0.9093410968780518},"size":0.6990170478820801,"orthographic":false}