{"cameraMode":{"drawMode":0,"name":"Shaded","section":"Shading Mode"},"sceneLighting":false,"audioPlay":false,"sceneViewState":{"showFog":false,"showMaterialUpdate":false,"showSkybox":false,"showFlares":false,"showImageEffects":false,"showParticleSystems":false},"in2DMode":false,"pivot":{"x":-23.068559646606447,"y":-107.97413635253906,"z":153.81829833984376},"rotation":{"x":-0.301813006401062,"y":0.08337519317865372,"z":-0.026499329134821893,"w":-0.9493551850318909},"size":96.29196166992188,"orthographic":false}